Id,Name,City,count,Words
sNVGdeOPeitJ3OWUQBINzQ,BabyStacks Cafe,Las Vegas,1,"['recommend', 'amaz', 'vega', 'best', 'ever', 'everi', 'even', 'staff', 'great', 'spot', 'delici', 'awesom', 'highli', 'babystack', 'excel', 'mani', 'moco', 'favorit', 'omg', 'absolut', 'alway', 'far', 'chocol', 'die', 'worth']"
vl2IZrNJEA8npSjqXbdwxw,BabyStacks Cafe,Las Vegas,1,"['worth', 'best', 'amaz', 'delici', 'alway', 'vega', 'stack', 'highli', 'babystack', 'banana', 'love', 'ever', 'everi', 'come', '__exclamation__', 'definit', 'park', 'fast', 'babycak', 'far', 'omg', 'cream', 'bite', 'right', 'friendli']"
RESDUcs7fIiihp38-d6_6g,Bacchanal Buffet,Las Vegas,1,"['everi', 'worth', 'ever', 'favorit', 'best', 'wonder', 'alway', 'everyth', 'ate', 'excel', 'endless', 'definit', 'amaz', 'ye', 'full', 'delici', 'buffett', 'perfect', 'well', 'authent', 'top', 'mani', 'hand', 'omg', 'must']"
7sPNbCx7vGAaH7SbNPZ6oA,Bachi Burger,Las Vegas,1,"['best', 'amaz', 'ever', 'vega', '5', 'perfect', 'must', 'excel', 'everyon', 'awesom', 'fast', 'bomb', 'sure', 'fantast', 'place', 'favorit', 'glad', 'omg', 'delici', 'truffl', 'super', 'miyagi', 'wow', 'bachi', 'wish']"
ZibmYdOPKLlqDM9oR6xzOA,Bachi Burger,Las Vegas,1,"['best', 'vega', 'amaz', 'ever', 'awesom', 'time', 'favorit', 'well', 'worth', 'perfect', 'must', 'fast', 'fish', 'friendli', 'alway', 'miso', 'life', 'outstand', '__exclamation__', 'town', 'recommend', 'kiki', 'perfectli', 'spici', 'appet']"
YhCAJ8acd1X7GkCHPhD8Xw,BLT Burger,Las Vegas,1,"['best', 'vega', 'ever', 'awesom', 'must', 'amaz', 'excel', 'everi', 'atmospher', 'fantast', 'fresh', 'delici', 'waffl', 'wife', 'great', 'cook', 'love', 'person', 'chees', 'flavor', 'never', 'fabul', 'chicken', 'say', 'juici']"
d_L-rfS1vT3JMzgCUGtiow,Border Grill,Las Vegas,1,"['amaz', 'best', 'us', 'made', 'perfect', 'brunch', 'everi', 'delici', 'friendli', 'everyth', 'vega', 'fresh', 'fantast', 'uniqu', '__exclamation__', 'excel', 'patio', 'top', 'thank', 'la', 'love', 'definit', 'local', 'tapa', 'experi']"
rcaPajgKOJC2vo_l3xa42A,Bouchon at the Venezia Tower,Las Vegas,1,"['amaz', 'perfect', 'best', 'ever', 'favorit', 'everi', 'mouth', 'recommend', 'thank', 'excel', 'soft', 'happi', 'get', 'sauc', 'awesom', 'next', 'wonder', 'without', 'perfectli', 'experi', 'live', 'delici', 'staff', 'husband', 'day']"
aT_SsfZ6GQgJGyuIv1Hapw,Bouchon Bakery at the Venetian Casino,Las Vegas,1,"['ever', 'love', 'worth', 'everi', 'also', 'perfect', 'recommend', 'home', 'everyth', 'amaz', 'thoma', 'must', 'highli', '__exclamation__', 'word', 'wonder', 'mouth', 'miss', 'back', 'far', 'nutter', 'wish', 'la', 'yet', 'last']"
IhNASEZ3XnBHmuuVnWdIwA,Brew Tea Bar,Las Vegas,1,"['alway', 'best', 'great', 'favorit', 'amaz', 'love', 'brew', 'vega', 'definit', 'recommend', 'need', 'boba', 'menu', 'never', 'custom', 'addict', 'perfect', '__exclamation__', 'drink', 'town', 'back', 'help', 'sure', 'delici', 'staff']"
nUpz0YiBsOK7ff9k3vUJ3A,Buddy V's Ristorante,Las Vegas,1,"['amaz', 'best', 'perfect', 'recommend', 'delici', 'vega', 'everi', 'excel', 'everyth', 'incred', 'highli', 'make', 'meal', 'attent', 'polenta', 'visit', 'great', 'v', 'thank', 'outstand', 'fantast', 'favorit', 'awesom', 'food', 'bite']"
Cni2l-VKG_pdospJ6xliXQ,Burger Bar,Las Vegas,1,"['best', 'truffl', 'perfect', 'amaz', 'ever', 'vega', 'mayo', 'jalapeño', 'alway', 'perfectli', 'classic', 'go', 'far', 'delici', 'bacon', 'super', 'fantast', 'sauc', 'buffalo', 'build', 'made', 'favorit', 'must', 'peopl', 'recommend']"
Jt28TYWanzKrJYYr0Tf1MQ,Cabo Wabo Cantina,Las Vegas,1,"['amaz', 'best', 'awesom', 'love', 'excel', 'delici', 'friendli', 'great', 'recommend', 'highli', 'breakfast', 'cabo', 'shrimp', 'day', 'favorit', 'fun', 'staff', 'alway', 'servic', 'wabo', 'trip', 'danni', 'enjoy', 'huge', 'super']"
7fxebHYUwIF6CakxSr70iQ,Carnevino,Las Vegas,1,"['best', 'amaz', 'perfect', 'fantast', '__exclamation__', 'perfectli', 'age', 'ribey', 'ever', 'top', 'favorit', 'recommend', 'made', 'awesom', 'experi', 'worth', 'everi', 'phenomen', 'cheek', 'day', 'italian', 'beef', 'dessert', 'eye', 'two']"
FLMxWQO-ckCQmGZhU9OQgw,Carnival World Buffet,Las Vegas,1,"['best', 'also', 'amaz', 'excel', 'world', 'room', '__exclamation__', 'favorit', 'great', '5', 'varieti', 'brunch', 'awesom', 'friendli', 'love', 'seafood', 'worth', 'take', 'free', 'incred', 'return', 'vega', 'perfect', 'stomach', 'uniqu']"
2iTsRqUsPGRH1li1WVRvKQ,Carson Kitchen,Las Vegas,1,"['amaz', 'best', 'fantast', 'perfect', 'gem', 'love', 'must', 'super', 'ever', 'attent', 'recommend', 'kitchen', 'chicken', 'top', 'highli', 'vega', 'sure', 'end', 'staff', 'select', 'meal', 'tara', 'place', 'thank', 'hidden']"
oXoVJ0xKv82cBo9U6oEjlQ,Chayo Mexican Kitchen + Tequila Bar,Las Vegas,1,"['definit', 'amaz', 'awesom', 'best', 'christina', 'help', 'chayo', 'visit', 'excel', 'great', 'made', 'time', 'breakfast', 'authent', 'attent', 'delici', 'came', 'realli', '__exclamation__', 'sure', 'free', 'decor', 'tuesday', 'ever', 'game']"
GJ_bXUPv672YwNg4TneJog,China Poblano,Las Vegas,1,"['amaz', 'vega', 'best', 'recommend', 'awesom', 'love', 'perfect', 'delici', 'made', 'great', 'time', 'margarita', 'fresh', 'everi', 'everyth', 'ever', 'meal', 'also', 'work', 'favorit', 'staff', 'wait', 'die', 'friendli', 'vegetarian']"
OVTZNSkSfbl3gVB9XQIJfw,Cravings Buffet,Las Vegas,1,"['great', 'vega', 'everi', 'champagn', 'make', 'favorit', 'time', 'huge', 'amaz', 'get', 'wine', 'etc', 'everyth', 'excel', 'best', 'brunch', 'kind', 'mani', 'love', 'crave', 'wonder', 'happi', 'discount', 'us', 'delici']"
J4CATH00YZrq8Bne2S4_cw,CUT by Wolfgang Puck,Las Vegas,1,"['amaz', 'best', 'ever', 'perfect', 'go', 'delici', 'absolut', 'perfectli', 'wagyu', 'mouth', 'japanes', 'love', 'great', 'life', 'recommend', 'everi', 'favorit', 'one', 'also', 'make', 'place', 'staff', 'outstand', 'american', 'eat']"
IT_4EEIbv6Ox1jBRMyE7pg,Del Frisco's Double Eagle Steak House,Las Vegas,1,"['best', 'ever', 'amaz', 'perfect', 'recommend', 'thank', 'sure', 'perfectli', 'favorit', 'awesom', 'mouth', 'experi', 'make', 'happi', 'hous', 'birthday', 'say', 'excel', 'also', 'go', 'went', 'potato', 'filet', 'top', 'bread']"
--9e1ONYQuAa-CB_Rrw7Tw,Delmonico Steakhouse,Las Vegas,1,"['ever', 'perfect', 'best', 'time', 'amaz', 'everi', 'vega', 'dine', 'never', 'alway', 'favorit', 'even', 'must', '__exclamation__', 'potato', 'complaint', 'happi', 'staff', 'treat', 'reserv', 'recommend', '5', 'also', 'incred', 'side']"
0AQnRQw34IQW9-1gJkYnMA,Diablo's Cantina,Las Vegas,1,"['amaz', 'love', 'great', 'vega', 'best', 'made', 'diablo', 'lunch', 'wife', 'thank', 'fajita', 'alway', 'nacho', 'bartend', 'michelada', 'pitcher', 'top', 'enjoy', 'awesom', 'attent', 'delici', 'friendli', 'wonder', 'night', 'stop']"
qqs7LP4TXAoOrSlaKRfz3A,DW Bistro,Las Vegas,1,"['amaz', 'best', 'cake', 'delici', 'alway', 'friendli', 'staff', 'awesom', 'great', 'perfect', 'sweet', 'vega', 'carrot', 'incred', 'burger', 'bistro', 'favorit', 'new', 'fresh', 'everyth', 'chees', 'top', 'ever', 'place', 'never']"
DkYS3arLOhA8si5uUEmHOw,Earl of Sandwich,Las Vegas,1,"['best', 'amaz', 'perfect', 'absolut', 'thanksgiv', 'mouth', 'everi', 'life', 'awesom', 'ever', '5', 'damn', 'fresh', '7', 'trip', 'love', 'highli', 'serious', 'perfectli', 'excel', 'soft', 'yet', 'weekend', 'friendli', 'let']"
l_GV0hgEoTUf70uJVT0_hg,Eat.,Las Vegas,1,"['amaz', 'best', 'perfect', 'excel', 'super', 'worth', 'vega', 'awesom', 'staff', 'pack', 'favorit', 'everi', 'visit', 'delici', 'perfectli', 'fri', 'highli', 'everyth', 'great', 'love', 'owner', 'restaur', 'incred', 'recommend', 'come']"
igHYkXZMLAc9UdV5VnR_AA,Echo & Rig,Las Vegas,1,"['recommend', 'amaz', 'best', 'perfect', 'favorit', 'vega', 'excel', 'rig', 'everi', 'absolut', 'spot', 'place', 'knowledg', 'everyth', 'restaur', 'well', 'delici', 'strip', 'top', 'treat', 'great', 'even', 'price', 'la', 'outstand']"
3kdSl5mo9dWC4clrQjEDGg,Egg & I,Las Vegas,1,"['amaz', 'best', 'ever', 'super', 'everi', 'definit', 'server', 'gem', 'come', 'recommend', 'vega', 'everyth', 'husband', 'ask', 'fantast', 'thank', 'restaur', 'menu', 'delici', 'excel', 'perfect', 'awesom', 'countri', 'full', '5']"
PXShA3JZMXr2mEH3on5clw,Egg Works,Las Vegas,1,"['delici', 'ashley', 'awesom', 'excel', 'recommend', 'thank', 'alway', 'amaz', 'friendli', 'best', 'everi', 'candic', 'attent', 'first', 'server', 'nut', 'ever', 'morn', 'place', 'fast', 'servic', '__exclamation__', 'warm', 'fantast', 'donna']"
xVEtGucSRLk5pxxN0t4i6g,Eiffel Tower,Las Vegas,1,"['amaz', 'delici', 'perfect', 'everi', 'best', 'fountain', 'anniversari', 'duck', 'vega', 'make', 'meal', 'love', 'sure', 'made', 'top', 'experi', 'thank', 'also', 'treat', 'got', 'highli', 'perfectli', 'everyth', 'spot', 'incred']"
JDZ6_yycNQFTpUZzLIKHUg,El Dorado Cantina,Las Vegas,1,"['best', 'amaz', 'chef', 'definit', 'paco', 'street', 'everi', 'make', 'awesom', 'delici', 'recommend', 'excel', 'thank', 'great', 'fantast', 'enriqu', 'perfect', 'favorit', 'dessert', 'well', 'vega', 'everyth', 'us', 'friendli', '__exclamation__']"
EAwh1OmG6t6p3nRaZOW_AA,Ellis Island Casino & Brewery,Las Vegas,1,"['delici', 'best', 'love', '99', 'awesom', 'sure', 'everi', 'vega', 'gambl', 'amaz', 'home', 'bbq', 'excel', 'review', 'oz', 'town', 'perfect', 'like', 'one', 'first', '50', 'great', '00', 'play', 'recommend']"
5shgJB7a-2_gdnzc0gsOtg,Firefly,Las Vegas,1,"['amaz', 'favorit', 'excel', 'vega', 'best', 'fantast', 'awesom', 'price', 'everyth', 'bacon', 'must', 'stuf', 'time', 'steak', 'wow', 'place', 'die', '5', 'wait', 'around', 'eat', 'everi', 'friendli', 'even', 'skewer']"
kRgAf6j2y1eR0wOFdzFAuw,Firefly,Las Vegas,1,"['excel', 'amaz', 'everi', 'tri', 'la', 'eat', 'perfect', '__exclamation__', 'well', 'next', 'new', 'super', 'also', 'thank', 'recommend', 'went', 'outstand', 'tradit', 'die', 'serious', 'includ', 'incred', 'place', 'fun', 'attent']"
hihud--QRriCYZw1zZvW4g,Gangnam Asian BBQ Dining,Las Vegas,1,"['best', 'excel', 'amaz', 'favorit', 'bomb', 'ate', 'awesom', 'delici', 'must', 'ever', 'style', 'fantast', 'deal', 'top', 'definit', 'spot', 'perfect', 'love', 'day', 'lv', 'sure', 'outstand', 'wife', 'prime', 'realli']"
G-5kEa6E6PD5fkBRuA7k9Q,Giada,Las Vegas,1,"['amaz', 'everi', 'experi', 'best', 'ever', 'highli', 'perfect', 'wonder', 'everyth', 'well', 'top', 'fantast', 'fabul', 'recommend', 'lemon', 'excel', 'eleg', 'dessert', 'perfectli', 'absolut', 'also', 'thank', '__exclamation__', 'vega', 'incred']"
cYwJA2A6I12KNkm2rtXd5g,Gordon Ramsay BurGR,Las Vegas,1,"['everi', 'perfect', 'best', 'amaz', 'perfectli', 'ever', 'life', 'awesom', 'highli', 'excel', 'incred', 'vega', 'recommend', 'everyth', 'fantast', 'mouth', 'absolut', 'share', 'hand', 'big', 'must', 'finish', 'delici', 'fresh', 'full']"
YJ8ljUhLsz6CtT_2ORNFmg,Gordon Ramsay Pub & Grill,Las Vegas,1,"['amaz', 'recommend', 'perfect', 'definit', 'best', 'everyth', 'perfectli', 'great', 'must', 'visit', 'husband', 'friendli', 'scott', 'incred', 'absolut', 'awesom', 'ever', 'vega', 'ray', 'la', 'delici', 'everi', 'wonder', 'enjoy', '__exclamation__']"
OETh78qcgDltvHULowwhJg,Gordon Ramsay Steak,Las Vegas,1,"['amaz', 'perfect', 'best', 'everyth', 'delici', 'ever', 'everi', 'great', 'awesom', 'melt', 'well', 'make', 'fantast', 'sure', 'worth', 'toffe', 'vega', 'must', 'absolut', 'thank', 'favorit', 'dine', 'experi', '__exclamation__', 'stuf']"
NvKNe9DnQavC9GstglcBJQ,Grand Lux Cafe,Las Vegas,1,"['amaz', 'delici', 'favorit', 'everi', 'best', 'love', 'awesom', 'everyth', 'excel', 'wonder', 'qualiti', 'great', 'vega', 'fantast', 'atmospher', 'perfect', 'dinner', 'warm', '5', 'let', 'even', 'far', 'clam', 'ye', 'crispi']"
fHM09_y3QX3n4a_bIFbk_w,Grand Lux Cafe,Las Vegas,1,"['amaz', 'delici', 'best', 'fresh', 'favorit', '__exclamation__', 'recommend', 'great', 'price', 'ever', 'vega', 'awesom', 'veri', 'must', 'one', 'trip', 'roll', 'excel', 'wonder', 'highli', 'yum', 'love', 'staff', 'tomato', 'lot']"
HhVmDybpU7L50Kb5A0jXTg,Guy Fieri's Vegas Kitchen & Bar,Las Vegas,1,"['amaz', 'best', 'great', 'perfect', 'excel', 'attent', 'love', 'differ', 'made', 'awesom', 'right', 'staff', 'delici', 'dessert', 'everi', 'eat', 'burrito', 'world', 'worth', 'everyon', 'thank', 'day', 'alway', 'fun', 'back']"
X8c23dur0ll2D9XTu-I8Qg,Hakkasan Nightclub,Las Vegas,1,"['great', 'love', 'best', 'amaz', 'hakkasan', 'definit', 'host', 'awesom', 'night', 'review', 'back', 'level', 'friendli', 'servic', 'everyon', 'weekend', 'world', 'everi', 'harri', 'nice', 'complain', 'brian', 'far', 'tiesto', 'time']"
f4x1YBxkLrZg652xt2KR5g,Hash House A Go Go,Las Vegas,1,"['amaz', 'everi', 'best', 'delici', 'excel', 'favorit', 'awesom', 'worth', 'wonder', 'usual', 'great', 'love', 'eaten', 'wish', 'recommend', 'vega', 'dinner', 'right', 'stop', 'fast', 'word', 'husband', 'heaven', 'must', 'finish']"
g8OnV26ywJlZpezdBnOWUQ,Hash House A Go Go,Las Vegas,1,"['amaz', 'fresh', 'awesom', 'ever', 'best', 'delici', 'everi', 'town', 'love', 'everyth', 'fantast', 'excel', 'made', 'word', 'drive', 'must', 'favorit', 'staff', 'beauti', 'wonder', 'worth', 'vega', 'perfectli', 'die', 'busi']"
SAIrNOB4PtDA4gziNCucwg,Herbs & Rye,Las Vegas,1,"['best', 'vega', 'friendli', 'new', 'recommend', 'love', 'amaz', 'gem', 'strip', 'perfect', 'bartend', 'half', 'cocktail', 'favorit', 'fantast', 'craft', 'thank', 'delici', 'make', 'everyth', 'alway', 'great', 'spot', 'bar', 'point']"
cJWbbvGmyhFiBpG_5hf5LA,Hofbräuhaus Las Vegas,Las Vegas,1,"['amaz', 'awesom', 'excel', 'liter', '__exclamation__', 'favorit', 'love', 'time', 'paddl', 'vega', 'everi', 'music', 'veri', 'visit', 'cool', 'blast', 'start', 'munich', 'entertain', 'us', 'contest', 'band', 'great', 'shot', 'may']"
P7pxQFqr7yBKMMI2J51udw,Holsteins Shakes and Buns,Las Vegas,1,"['everi', 'awesom', 'ever', 'best', 'amaz', 'must', 'trip', 'perfectli', 'incred', 'made', 'perfect', 'also', 'highli', 'delici', 'love', 'crispi', 'sun', 'cooki', 'second', 'fun', 'eaten', 'boyfriend', 'bamboozl', 'oh', 'world']"
IMLrj2klosTFvPRLv56cng,Honey Salt,Las Vegas,1,"['amaz', 'vega', 'everyth', 'perfect', 'fantast', 'place', 'best', 'recommend', 'ever', 'sure', 'alway', 'love', 'favorit', 'everyon', 'excel', 'die', 'make', 'must', 'delici', 'night', 'care', 'atmospher', 'fun', 'beyond', 'definit']"
4GXII-GU7S0ZyU6ElkhscQ,Hooters Casino Hotel,Las Vegas,1,"['alway', 'great', 'love', 'awesom', 'made', 'vega', 'amaz', 'star', 'nice', 'fun', 'veri', 'incred', 'delici', 'best', 'late', 'come', 'review', 'us', 'clean', 'time', 'experi', 'ladi', '5', 'breakfast', 'definit']"
UNI1agsPX2k3eJSJVB91nw,Hot N Juicy Crawfish,Las Vegas,1,"['best', 'vega', 'favorit', 'amaz', 'stop', 'perfect', 'alway', 'great', 'juici', 'recommend', 'worth', 'go', 'awesom', 'omg', 'wait', 'thank', 'lemon', 'keep', 'hot', 'heat', 'strip', 'delici', 'start', 'make', 'everyth']"
j5nPiTwWEFr-VsePew7Sjg,Ichiza,Las Vegas,1,"['amaz', 'favorit', 'delici', 'love', 'vega', 'great', 'best', 'plate', 'eat', 'japan', 'daili', 'everyth', 'real', 'never', 'ye', 'trip', 'restaur', 'buffet', 'awesom', 'sashimi', '__exclamation__', 'atmospher', 'n', 'dessert', 'mouth']"
uW6UHfONAmm8QttPkbMewQ,Island Flavor,Las Vegas,1,"['recommend', 'friendli', 'best', 'favorit', 'place', 'great', 'week', 'town', 'everyth', 'vega', 'island', 'famili', 'also', 'strip', 'local', 'everi', 'eat', 'food', 'top', 'dessert', 'die', 'staff', 'next', 'even', 'share']"
K0j_Znzin0jShXVnpvW86A,Jaleo,Las Vegas,1,"['best', 'amaz', 'wonder', 'well', 'excel', 'everi', 'love', 'perfect', 'absolut', 'back', 'delici', 'spain', '__exclamation__', 'attent', 'waiter', 'ever', 'mouth', 'decor', 'two', 'everyth', 'favorit', 'eaten', 'top', 'differ', 'goat']"
H8qpFitIesth86zqR4cwYg,Jean Philippe Patisserie,Las Vegas,1,"['love', 'best', 'amaz', 'ever', 'everi', 'bellagio', 'worth', 'also', 'vega', 'everyth', 'alway', 'excel', 'definit', 'rose', 'delight', 'favorit', 'happi', 'go', 'nutella', 'place', 'smooth', 'incred', 'great', 'light', '__exclamation__']"
UUGoM4q4i8rK2CBRS0xDAw,Jean Philippe Patisserie,Las Vegas,1,"['vega', 'ever', 'best', 'amaz', 'bellagio', 'heaven', 'absolut', 'stop', 'love', 'first', 'go', 'trip', 'philipp', 'cream', 'pick', 'cake', 'place', 'croissant', '__exclamation__', 'worth', 'shop', 'fresh', 'peanut', 'must', 'perfect']"
I6EDDi4-Eq_XlFghcDCUhw,Joe's Seafood Prime Steak & Stone Crab,Las Vegas,1,"['dessert', 'perfect', 'best', 'delici', 'share', 'awesom', 'also', 'bone', 'everyth', 'king', 'amaz', 'must', 'trip', 'recommend', 'worth', 'wow', 'finish', 'incred', 'vega', 'excel', 'favorit', 'day', 'wine', 'even', 'ever']"
SVGApDPNdpFlEjwRQThCxA,Juan's Flaming Fajitas & Cantina,Las Vegas,1,"['best', 'amaz', 'great', 'juan', 'well', 'even', 'vega', 'alway', 'restaur', 'town', 'qualiti', 'steak', 'place', 'awesom', 'live', 'yummi', 'everyth', 'thank', 'attent', 'top', 'fantast', 'la', 'excel', 'favorit', 'year']"
_w5hBpkjHs5_Hv3pLeHtIw,Julian Serrano Tapas,Las Vegas,1,"['amaz', 'perfect', 'delici', 'best', 'recommend', 'everyth', 'everi', 'fantast', 'alway', '__exclamation__', 'must', 'friendli', 'day', 'awesom', 'black', 'vega', 'help', 'excel', 'make', 'perfectli', 'julian', 'wine', 'qualiti', 'even', 'varieti']"
zdE82PiD6wquvjYLyhOJNA,KoMex Fusion,Las Vegas,1,"['fresh', 'amaz', 'great', 'excel', 'vega', 'get', 'love', 'perfect', 'delici', 'everi', 'cheap', 'everyth', 'owner', 'fantast', 'wonder', 'even', 'favorit', 'ever', 'awesom', 'best', 'uniqu', 'name', 'wrap', 'never', 'us']"
VsewHMsfj1Mgsl2i_hio7w,LAVO Italian Restaurant & Lounge,Las Vegas,1,"['amaz', 'perfect', 'love', 'brunch', 'everi', 'best', 'oreo', 'awesom', 'must', 'also', 'eat', 'vega', 'favorit', 'alway', 'fantast', 'die', 'dessert', 'garlic', 'everyth', 'definit', 'recommend', 'servic', 'lavo', 'absolut', 'outstand']"
ZkGDCVKSdf8m76cnnalL-A,Le Village Buffet,Las Vegas,1,"['amaz', 'vega', 'love', 'best', 'favorit', 'everi', 'reserv', 'excel', 'mani', 'pari', 'champagn', 'compar', 'recommend', 'enjoy', 'must', 'right', 'great', 'wow', 'far', 'wonder', 'absolut', 'drink', 'everyth', 'made', 'make']"
KskYqH1Bi7Z_61pH6Om8pg,Lotus of Siam,Las Vegas,1,"['best', 'everi', 'thailand', 'amaz', 'highli', 'perfect', 'fantast', 'ever', 'incred', 'live', 'love', 'fresh', 'simpli', 'die', 'truli', 'anyth', 'oh', 'northern', 'everyth', 'hand', 'sauc', 'guy', 'chef', 'favorit', 'chow']"
LFs5jyYdXlzi0SpAYi1eSA,Maggiano's Little Italy,Las Vegas,1,"['amaz', 'delici', 'love', 'best', 'awesom', 'wonder', 'made', 'absolut', 'wed', 'alway', 'perfect', 'happi', 'favorit', 'sausag', 'parmesan', 'vega', 'desert', 'everyth', 'also', 'highli', 'thank', 'super', '__exclamation__', 'recommend', 'experi']"
rTS8LsUmNIiXsXydE49tPA,Margaritaville,Las Vegas,1,"['alway', 'amaz', 'recommend', 'awesom', 'excel', 'everi', 'name', 'volcano', 'favorit', 'ever', 'worth', 'make', 'must', 'vega', 'keep', 'love', 'best', 'margaritavil', 'work', 'beer', 'great', 'person', 'well', 'strong', 'bake']"
GI-CAiZ_Gg3h21PwrANB4Q,Mastro's Ocean Club,Las Vegas,1,"['perfect', 'amaz', 'best', 'love', 'top', 'worth', '__exclamation__', 'make', 'everyth', 'recommend', 'even', 'alway', 'time', 'vega', 'mastro', 'incred', 'place', 'wonder', 'everi', 'mouth', 'ever', 'split', 'strip', 'sure', 'crab']"
XZbuPXdyA0ZtTu3AzqtQhg,Mesa Grill,Las Vegas,1,"['amaz', 'perfect', 'top', 'fantast', 'best', 'everi', 'know', 'got', 'highli', 'awesom', 'knowledg', 'favorit', 'ever', 'incred', 'worth', 'cake', 'bite', 'everyth', 'vega', 'must', 'start', 'desert', 'mouth', 'wow', 'delici']"
El4FC8jcawUVgw_0EIcbaQ,MGM Grand Hotel,Las Vegas,1,"['love', 'best', 'amaz', 'great', 'parti', 'mani', 'girl', 'pool', 'alway', 'clean', 'upgrad', 'made', 'club', 'everi', 'vega', 'life', 'everyth', 'tabl', 'servic', 'highli', 'free', 'quick', 'beauti', 'ye', 'veri']"
4JNXUYY8wbaaDmk3BPzlWw,Mon Ami Gabi,Las Vegas,1,"['best', 'amaz', 'favorit', 'perfect', 'everyth', 'everi', 'wonder', 'excel', 'highli', 'must', 'incred', 'trip', 'outstand', 'alway', 'phenomen', 'superb', 'ever', 'fabul', 'melt', 'wife', 'oh', 'happi', 'thank', 'goat', 'right']"
UPIYuRaZvknINOd1w8kqRQ,Monta Ramen,Las Vegas,1,"['amaz', 'favorit', 'best', 'quickli', 'love', 'bomb', 'mouth', 'far', 'rich', 'highli', 'recommend', 'find', 'worth', '20', 'add', 'happi', 'real', 'perfectli', 'strip', 'close', 'ever', 'delici', 'unbeliev', 'alreadi', 'hole']"
gTlDDzDEHyDQ6iwjNhpI6A,Mount Everest India's Cuisine,Las Vegas,1,"['best', 'amaz', 'excel', 'vega', 'everyth', 'delici', 'definit', 'everi', 'favorit', 'awesom', 'recommend', 'everest', 'owner', 'alway', 'spice', 'staff', 'highli', 'authent', 'great', 'day', 'love', 'come', 'place', 'wonder', 'sure']"
mDR12Hafvr84ctpsV6YLag,Mr Mamas,Las Vegas,1,"['make', 'best', 'vega', 'recommend', '__exclamation__', 'ever', 'amaz', 'right', 'door', 'fantast', 'great', 'town', 'awesom', 'definit', 'everi', 'mama', 'yelp', 'thank', 'time', 'day', 'perfect', 'must', 'everyth', 'tradit', 'greet']"
jWv5GUtEp30OD5L5C8c2DQ,Mr. Mamas,Las Vegas,1,"['best', 'amaz', 'owner', 'delici', '__exclamation__', 'nick', 'yelp', 'perfect', 'greet', 'fantast', 'vega', 'everi', 'thank', 'omelet', 'top', 'excel', 'time', 'recommend', 'alway', 'cali', 'lunch', 'come', 'full', 'found', 'mama']"
pHJu8tj3sI8eC5aIHLFEfQ,Nora's Italian Cuisine,Las Vegas,1,"['amaz', 'best', 'recommend', 'love', 'highli', 'perfect', 'meal', 'vega', 'nora', 'staff', 'also', 'excel', 'gem', 'yet', 'restaur', 'famili', 'arancini', 'next', 'time', 'crazi', 'come', 'place', 'year', 'never', 'strip']"
QJR4qBUHegWEozSQrGmBPw,Olives,Las Vegas,1,"['amaz', 'perfect', 'best', 'favorit', 'definit', 'everi', 'wonder', 'ever', 'show', 'paul', 'martini', 'vega', 'wife', 'experi', 'top', 'excel', 'also', 'love', 'friendli', 'everyth', 'everyon', 'chef', 'fanci', 'fabul', 'must']"
Gaq3S9lmjXVcuDCZ8ulppw,Oyshi Sushi,Las Vegas,1,"['vega', 'best', 'favorit', 'make', 'love', 'friendli', 'awesom', 'alway', 'amaz', 'worth', 'soon', 'everi', 'fresh', 'wife', 'beat', 'fast', 'menu', 'everyth', 'great', 'go', 'dessert', 'reserv', 'appet', 'room', 'thank']"
awI4hHMfa7H0Xf0-ChU5hg,Oyster Bar,Las Vegas,1,"['best', 'worth', 'alway', 'vega', 'favorit', 'must', 'spice', 'perfect', 'amaz', 'first', 'delici', 'day', 'small', 'come', 'lobster', 'bouillabaiss', 'everi', 'bomb', 'awesom', 'haven', 'also', 'year', 'combo', 'say', 'ever']"
JpgVl3d20CMRNjf1DVnzGA,Pampas Churrascaria Brazilian Grille,Las Vegas,1,"['amaz', 'sure', 'excel', 'vega', 'everyth', 'recommend', 'love', 'great', 'also', 'awesom', 'pampa', 'delici', 'best', 'definit', 'wife', 'favorit', 'juici', 'lit', 'friend', 'thank', 'everi', 'chocol', 'wonder', 'alway', 'night']"
yfxDa8RFOvJPQh0rNtakHA,Pho Kim Long,Las Vegas,1,"['awesom', 'delici', 'amaz', 'best', 'favorit', 'worth', 'top', 'recommend', 'perfect', 'town', 'pleas', 'love', 'minut', 'line', 'crab', 'highli', 'fast', 'everytim', 'alway', 'absolut', 'quickli', 'great', 'consist', 'week', 'place']"
3GEEy7RP6e4bT4LAiWFMFQ,Pizza Rock,Las Vegas,1,"['vega', 'amaz', 'best', 'ever', 'perfect', 'awesom', 'fresh', 'la', 'favorit', 'love', 'eat', 'everi', 'friendli', 'help', 'day', 'place', 'well', 'year', 'thank', 'excel', 'bar', 'fantast', 'server', 'absolut', 'attent']"
sqRX-XLlhx4rs2c1TpBf8A,Raku,Las Vegas,1,"['vega', 'strip', 'best', 'make', 'ever', 'amaz', 'must', 'everyth', 'perfect', 'chef', 'sashimi', 'hous', 'everi', 'japanes', 'definit', 'chicken', '__exclamation__', 'special', 'excel', 'favorit', 'alway', 'wrap', 'top', 'like', 'pork']"
4k3RlMAMd46DZ_JyZU0lMg,Ramen Sora,Las Vegas,1,"['best', 'alway', 'sora', 'favorit', 'amaz', 'vega', 'delici', 'recommend', 'perfect', 'mouth', 'extra', 'japan', 'go', 'rice', 'everi', 'bowl', 'meat', 'real', 'get', 'butter', 'even', 'definit', 'super', 'absolut', 'week']"
C9ImzBi5fn742ZcAYDww2A,Rise & Shine - A Steak & Egg Place,Las Vegas,1,"['best', 'everyth', 'vega', 'awesom', 'amaz', 'bread', 'recommend', 'fantast', 'happi', 'everi', 'decor', 'great', 'excel', 'shine', 'la', 'worth', 'delici', 'friendli', 'red', 'atmospher', 'rise', 'velvet', 'sweet', 'super', 'stop']"
fL-b760btOaGa85OJ9ut3w,Rollin Smoke Barbeque,Las Vegas,1,"['amaz', 'best', 'must', 'great', 'vega', 'excel', 'everyth', 'fantast', 'everi', 'omg', 'alway', 'heaven', 'us', 'stop', 'favorit', 'trip', 'love', 'perfect', 'delici', 'home', 'serious', 'leav', 'get', 'thank', 'dinner']"
0NmTwqYEQiKErDv4a55obg,Scarpetta,Las Vegas,1,"['amaz', 'everi', 'perfect', 'perfectli', 'best', 'fantast', 'everyth', 'incred', 'recommend', 'wine', 'experi', 'well', 'delici', 'eat', 'awesom', 'staff', 'top', 'spaghetti', 'ever', 'absolut', 'highli', '__exclamation__', 'restaur', 'la', 'mouth']"
iCQpiavjjPzJ5_3gPD5Ebg,Secret Pizza,Las Vegas,1,"['best', 'amaz', 'love', 'outsid', 'ever', 'perfect', 'awesom', 'everi', 'must', 'new', 'excel', 'oh', 'even', 'serious', 'sign', 'open', 'omg', 'delici', 'mouth', 'worth', 'heaven', 'alway', 'go', 'gambl', 'dream']"
eoHdUeQDNgQ6WYEnP2aiRw,Serendipity 3,Las Vegas,1,"['best', 'perfect', 'amaz', 'vega', 'delici', 'top', 'awesom', 'excel', 'love', 'treat', 'yummi', 'omg', 'worth', 'thank', 'visit', 'great', 'everyth', 'come', 'finish', 'absolut', 'must', 'made', 'everi', 'eat', 'quick']"
QJatAcxYgK1Zp9BRZMAx7g,Shake Shack,Las Vegas,1,"['amaz', 'perfect', 'love', 'absolut', 'must', 'delici', 'highli', 'best', 'open', 'enough', 'well', 'juici', 'make', 'recommend', 'fresh', 'friendli', 'soft', 'famili', 'share', 'mouth', 'bomb', 'vega', 'meat', 'move', 'made']"
3BCsAgo_1i4xMuTyLKMLRQ,SkinnyFATS,Las Vegas,1,"['awesom', 'vega', 'amaz', 'absolut', 'best', 'everyth', 'delici', 'perfect', 'must', 'servic', 'fantast', 'option', 'alway', 'fresh', 'strip', 'ate', 'worth', 'definit', 'want', 'everi', '__exclamation__', 'happi', 'drive', 'gem', 'man']"
A-uZAD4zP3rRxb44WUGV5w,Soho Japanese Restaurant,Las Vegas,1,"['amaz', 'best', 'vega', 'staff', 'sashimi', 'chef', 'recommend', 'john', 'fantast', 'everi', 'thank', 'qualiti', 'us', '__exclamation__', 'soho', 'awesom', 'town', 'incred', 'well', 'la', 'go', 'delici', 'food', 'live', 'wonder']"
LwQB9H3jZ9wTk24Lr-AnZQ,Spago by Wolfgang Puck,Las Vegas,1,"['best', 'amaz', 'ever', 'make', 'wonder', 'everyth', 'perfectli', 'staff', 'favorit', 'meal', 'top', 'delici', 'fresh', 'great', 'tuna', 'duck', 'truli', 'soup', 'menu', 'incred', 'even', 'everi', 'super', 'next', '__exclamation__']"
Fi-2ruy5x600SX4avnrFuA,Spice Market Buffet,Las Vegas,1,"['everyth', 'best', 'well', 'differ', 'recommend', 'great', 'seafood', 'vega', 'place', 'alway', 'delici', 'bellagio', 'middl', 'italian', 'candi', 'visit', '2', 'highli', '__exclamation__', 'awesom', 'everi', 'vegetarian', 'dinner', 'perfect', 'quit']"
bpRo8L8dkhgbJhdIKa9mwA,STK Las Vegas,Las Vegas,1,"['amaz', 'love', 'best', 'perfect', 'stk', 'alway', 'everyth', 'everi', 'vega', 'awesom', 'servic', 'worth', 'must', 'outstand', 'definit', 'thank', 'chees', 'even', 'wonder', 'favorit', 'side', 'experi', 'vibe', 'tuna', 'die']"
pKk7jCFIm96qDdk0laVT2w,StripSteak,Las Vegas,1,"['ever', 'perfect', 'truffl', 'best', 'favorit', '__exclamation__', 'fantast', 'cap', 'vega', 'enough', 'wonder', 'amaz', 'top', 'wow', 'sauc', 'cocktail', 'highli', 'everi', 'tender', 'one', 'thank', 'recommend', 'rib', 'also', 'made']"
JyxHvtj-syke7m9rbza7mA,Sushi House Goyemon,Las Vegas,1,"['vega', 'best', 'fresh', 'goyemon', 'delici', 'everi', 'alway', 'great', 'perfect', 'excel', 'tempura', 'amaz', 'recommend', 'favorit', 'pork', 'dessert', 'fast', '__exclamation__', 'awesom', 'quick', 'thank', 'back', 'belli', 'everyth', 'everyon']"
gBfPyzPRmeOaj3SdcIj0Rw,Sushi Roku,Las Vegas,1,"['best', 'amaz', 'manag', 'recommend', 'highli', 'staff', 'steak', 'eat', 'fantast', 'attent', 'favorit', 'make', 'menu', 'delici', 'come', 'top', 'music', 'absolut', 'perfect', 'sake', 'wonder', 'definit', 'outstand', 'second', 'hand']"
pH0BLkL4cbxKzu471VZnuA,SUSHISAMBA - Las Vegas,Las Vegas,1,"['amaz', 'best', 'recommend', 'everyth', 'everi', 'love', 'favorit', 'alway', 'delici', 'mouth', 'incred', 'atmospher', 'ever', 'awesom', 'come', 'cours', 'vega', 'us', 'sure', 'perfect', 'suggest', 'phenomen', 'staff', 'dine', 'melt']"
RwMLuOkImBIqqYj4SSKSPg,Tacos El Gordo,Las Vegas,1,"['best', 'amaz', 'awesom', 'omg', 'ever', 'friendli', 'mexico', 'also', 'vega', 'adobada', 'beat', 'gordo', 'highli', 'mouth', 'visit', 'oh', 'love', 'move', 'thank', 'tostada', 'lol', 'yum', 'delici', 'pork', 'say']"
CiYLq33nAyghFkUR15pP-Q,TACOS EL GORDO,Las Vegas,1,"['amaz', 'best', 'vega', 'love', 'locat', 'lengua', 'awesom', 'pork', 'fresh', 'friend', 'favorit', 'everi', 'come', 'worth', 'sooooo', '5', 'english', 'wow', 'ever', 'open', 'wish', 'spici', 'ye', 'alway', 'crowd']"
fQt4D34vcJNtEf8Q4zte3w,TAO Asian Bistro,Las Vegas,1,"['amaz', 'best', 'everi', 'excel', '__exclamation__', 'awesom', 'favorit', 'must', 'visit', 'ever', 'perfect', 'fantast', 'long', 'incred', 'wow', '5', 'everyth', 'miso', 'five', 'well', 'wonton', 'glaze', 'thank', 'vega', 'servic']"
ECOkEVUodMLUxvI0PMI4gQ,Tao Nightclub,Las Vegas,1,"['love', 'awesom', 'favorit', 'vega', 'vip', 'experi', 'alway', 'amaz', 'well', 'promot', 'definit', 'tao', 'come', 'free', 'bottl', 'best', 'strong', 'two', 'night', '11', 'great', 'ton', 'know', 'parti', 'bomb']"
2weQS-RnoOBhb1KsHKyoSQ,The Buffet,Las Vegas,1,"['everyth', 'amaz', 'love', 'favorit', 'best', 'vega', 'make', 'well', 'also', 'ever', 'fantast', 'far', 'vegan', 'delici', 'everi', 'area', 'room', 'desert', 'fanci', 'get', 'mani', 'atmospher', 'next', 'made', 'perfect']"
LR0qF0FEVsCOhYWUOiH26A,The Buffet at ARIA,Las Vegas,1,"['amaz', 'favorit', 'love', 'great', 'best', 'everyth', 'etc', 'back', 'ever', 'everi', 'alway', 'american', 'sweet', 'delici', 'well', 'top', 'fantast', 'vega', 'pricey', 'perfect', 'name', 'outstand', 'never', 'must', 'crack']"
ujHiaprwCQ5ewziu0Vi9rw,The Buffet at Bellagio,Las Vegas,1,"['awesom', 'amaz', 'delici', 'everyth', 'hand', 'best', 'ever', 'excel', 'wonder', 'everi', 'alway', 'other', 'need', 'la', 'worth', 'woke', 'come', 'yum', 'everyon', 'omg', 'top', 'fresh', 'love', 'buffett', 'even']"
XXW_OFaYQkkGOGniujZFHg,The Peppermill Restaurant & Fireside Lounge,Las Vegas,1,"['love', 'awesom', 'favorit', 'amaz', 'fantast', 'everi', 'year', 'staff', 'ever', 'famili', 'best', 'definit', '10', 'vega', 'serv', 'everyth', 'friendli', 'plenti', 'excel', 'delici', 'alway', 'around', 'loung', 'new', 'start']"
dn_ipqbm7_jUz5X3rDez_A,Todd English P.U.B.,Las Vegas,1,"['amaz', 'best', 'awesom', 'us', 'delici', 'great', 'vega', 'time', 'must', 'perfectli', 'return', 'everi', 'made', 'excel', 'huge', 'yum', 'strip', 'surpris', 'wonder', 'super', 'custom', 'come', 'knowledg', 'tip', 'incred']"
xkVMIk_Vqh17f48ZQ_6b0w,Tom Colicchio's Craftsteak,Las Vegas,1,"['best', 'perfect', 'vega', 'ever', 'amaz', 'recommend', 'menu', 'perfectli', 'favorit', 'everi', 'life', 'love', 'wagyu', 'monkey', 'skirt', 'die', 'fantast', 'must', 'highli', 'top', 'alway', 'well', 'oh', 'risotto', 'heaven']"
uuGL8diLlHfeUeFuod3F-w,Tom's Urban,Las Vegas,1,"['amaz', 'awesom', 'excel', 'fantast', 'recommend', 'delici', 'best', 'great', 'love', 'sure', 'made', 'staff', 'definit', '__exclamation__', 'everi', 'friendli', 'everyth', 'vega', 'tri', 'select', 'dessert', 'mimosa', 'help', 'one', 'back']"
R_ZlcX46pPdjhjmfd043LA,Top of the World,Las Vegas,1,"['perfect', 'best', 'wow', 'amaz', 'recommend', 'well', 'experi', 'dinner', 'love', 'rotat', 'year', 'romant', 'excel', 'everyth', 'ate', 'reserv', 'awesom', 'vega', 'right', '5', 'whole', 'wonder', 'spectacular', 'place', 'night']"
EnCIojgP5KTr1leaysFE3A,Viva Las Arepas,Las Vegas,1,"['amaz', 'vega', 'best', 'everi', 'eat', '__exclamation__', 'fill', 'favorit', 'everyth', 'recommend', 'stuff', 'town', 'delici', 'awesom', 'come', 'excel', 'pabellon', 'incred', 'place', 'thank', 'know', 'nice', 'fantast', 'joint', 'absolut']"
K7lWdNUhCbcnEvI0NhGewg,Wicked Spoon,Las Vegas,1,"['best', 'amaz', 'everi', 'favorit', 'wonder', 'must', 'ever', 'thank', 'fantast', 'well', 'incred', 'la', 'start', 'friendli', 'room', 'serious', 'hand', 'huge', 'restaur', 'outstand', 'perfect', 'normal', 'includ', 'right', 'lol']"
N0apJkxIem2E8irTBRKnHw,Wolfgang Puck Bar & Grill Las Vegas,Las Vegas,1,"['amaz', 'best', 'ever', 'awesom', 'delici', 'everi', 'thank', 'fantast', 'waiter', 'make', 'alway', 'meal', 'experi', 'trip', 'vega', 'excel', 'friendli', 'everyth', 'staff', 'consist', 'place', 'attent', 'perfect', 'full', 'accommod']"
ugLqbAvBdRDc-gS4hpslXw,Yama Sushi,Las Vegas,1,"['best', 'worth', 'excel', 'delici', 'recommend', 'love', 'bar', 'amaz', 'highli', 'vega', 'definit', 'tri', 'restaur', 'everi', 'must', 'great', 'minut', 'full', 'hand', 'awesom', 'alway', 'buffet', 'top', 'fast', 'choic']"
A5Rkh7UymKm0_Rxm9K2PJw,Yard House,Las Vegas,1,"['best', 'love', 'vega', 'delici', 'awesom', 'everi', 'excel', 'made', 'favorit', 'friendli', 'alway', 'peopl', 'ever', 'amaz', 'perfect', 'definit', 'sure', 'everyth', 'absolut', 'fantast', 'dinner', 'atmospher', 'huge', 'particular', 'everyon']"
faPVqws-x-5k2CQKDNtHxw,Yardbird Southern Table & Bar,Las Vegas,1,"['best', 'vega', 'amaz', 'recommend', 'perfect', 'meal', 'everyth', 'must', 'awesom', 'place', 'wow', 'made', 'excel', 'delici', 'perfectli', 'day', 'back', 'ever', 'friendli', 'everyon', 'gravi', 'big', 'well', 'favorit', 'dessert']"
eS29S_06lvsDW04wVrIVxg,Barrio Café,Phoenix,1,"['amaz', 'best', 'well', 'ever', 'recommend', 'everi', 'favorit', '__exclamation__', 'excel', 'margarita', 'locat', 'highli', 'great', 'phoenix', 'silvana', 'chef', 'go', 'everyth', 'worth', 'mexico', 'made', 'artwork', 'pomegran', 'atmospher', 'nogada']"
VyVIneSU7XAWgMBllI6LnQ,Bobby Q,Phoenix,1,"['amaz', 'best', 'ever', 'everyth', 'highli', 'delici', 'juici', 'recommend', 'excel', 'wonder', 'fantast', 'awesom', 'favorit', 'tender', 'mouth', 'also', 'melt', 'hog', 'stop', 'perfect', 'friendli', 'perfectli', 'well', 'fast', 'right']"
IsoLzudHC50oJLiEWpwV-w,Chelsea's Kitchen,Phoenix,1,"['amaz', 'perfect', 'everyth', 'best', 'fantast', 'everi', 'well', 'incred', 'wonder', 'got', 'restaur', 'definit', 'made', 'choic', 'staff', 'love', 'stop', 'thank', '__exclamation__', 'brunch', 'salad', 'brussel', 'ahi', 'even', 'also']"
cHdJXLlKNWixBXpDwEGb_A,Chino Bandido,Phoenix,1,"['favorit', 'delici', 'love', 'amaz', 'quesadilla', 'never', 'super', 'recommend', 'friendli', 'best', 'come', 'chino', 'let', 'first', 'fantast', 'look', 'get', 'live', 'jade', 'one', 'eat', 'heaven', 'ever', 'fri', 'absolut']"
9a3DrZvpYxVs3k_qwlCNSw,Cibo,Phoenix,1,"['amaz', 'perfect', 'fantast', 'phoenix', 'love', 'best', 'never', 'awesom', 'crepe', 'well', '__exclamation__', 'ever', 'live', 'wonder', 'wait', 'stop', 'wife', 'romant', 'favorit', 'highli', 'outstand', 'mind', 'itali', 'eat', 'enough']"
PVTfzxu7of57zo1jZwEzkg,FEZ,Phoenix,1,"['amaz', 'favorit', 'best', 'fez', 'delici', 'thoma', 'fantast', 'pear', 'wow', 'wonder', 'uniqu', 'everi', 'oh', 'comfort', 'live', 'absolut', 'perfect', 'last', 'fabul', 'five', '5', 'staff', 'fill', 'first', 'us']"
frCxZS7lPhEnQRJ3UY6m7A,La Santisima,Phoenix,1,"['mexican', 'ever', 'amaz', 'super', 'happi', 'phoenix', 'favorit', 'delici', 'best', 'die', 'excel', 'love', 'everi', 'come', 'recommend', 'incred', 'friendli', 'awesom', 'place', 'gem', 'trip', 'quick', '__exclamation__', 'atmospher', 'quesadilla']"
Xg5qEQiB-7L6kGJ5F4K3bQ,Little Miss BBQ,Phoenix,1,"['best', 'ever', '__exclamation__', 'well', 'fatti', 'worth', 'amaz', 'everyth', 'pull', 'earli', 'alway', 'everi', 'incred', 'come', 'phoenix', 'grit', 'super', 'review', 'today', 'hand', 'famili', 'absolut', 'need', 'even', 'jalapeño']"
YPavuOh2XsnRbLfl0DH2lQ,Lo-Lo's Chicken & Waffles,Phoenix,1,"['amaz', 'excel', 'delici', 'must', 'worth', 'best', 'friendli', 'everi', 'around', 'thing', 'phoenix', 'perfect', 'ever', 'jar', 'top', 'place', 'lo', 'everyth', 'live', 'juici', 'lemonad', 'week', 'serv', 'n', 'absolut']"
OgJ0KxwJcJ9R5bUK0ixCbg,Lux Central,Phoenix,1,"['favorit', 'best', 'recommend', 'amaz', 'worth', 'cocktail', 'delici', 'cafe', 'fantast', 'lux', 'lot', 'love', 'chill', 'highli', 'mix', 'welcom', 'white', 'haven', 'done', 'phoenix', 'black', 'room', 'ever', 'top', 'laid']"
L2p0vO3fsS2LC6hhQo3CzA,Matt's Big Breakfast,Phoenix,1,"['amaz', 'best', 'perfect', 'ever', 'delici', 'highli', 'wonder', 'worth', 'fresh', 'everi', 'line', 'recommend', 'well', 'alway', 'live', 'everyth', 'favorit', 'phoenix', 'must', 'town', 'total', 'weekend', 'perfectli', 'least', 'sourdough']"
whAwdYVty-jSNRhrYT2zHA,Pappadeaux Seafood Kitchen,Phoenix,1,"['amaz', 'recommend', 'top', 'salmon', 'excel', 'place', 'wonder', 'favorit', 'everyth', 'worth', 'attent', 'time', 'great', 'also', 'tri', 'seafood', 'best', 'spici', '__exclamation__', 'everi', 'delici', 'rich', 'full', 'absolut', 'die']"
pSQFynH1VxkfSmehRXlZWw,Pizzeria Bianco,Phoenix,1,"['perfect', 'amaz', 'best', 'everyth', 'fresh', 'everi', 'favorit', 'well', 'year', 'world', 'excel', 'atmospher', 'dinner', 'delici', 'itali', 'bianco', 'first', '__exclamation__', 'chri', 'biancoverd', 'complet', 'make', 'fantast', 'ever', 'made']"
u-SJ5QUwrNquL9VnXwl8cg,Postino Arcadia,Phoenix,1,"['favorit', 'best', 'thing', 'flavor', 'goat', 'well', 'awesom', 'die', 'board', 'excel', 'thank', 'say', 'must', 'amaz', 'valley', 'deal', 'alway', 'happi', 'plate', 'relax', 'never', 'fantast', 'even', '5', 'love']"
utIA0LyQmwP-9DRyxUe6qQ,Snooze An AM Eatery,Phoenix,1,"['amaz', 'best', 'staff', 'ever', 'delici', 'nice', 'fresh', 'benedict', 'top', 'favorit', 'share', 'worth', '__exclamation__', 'eaten', 'alway', 'oh', 'egg', 'well', 'day', 'come', 'everyth', 'excel', 'phoenix', 'awesom', 'made']"
z6-reuC5BYf_Rth9gMBfgQ,St. Francis Restaurant,Phoenix,1,"['best', 'everyth', 'love', 'phoenix', 'favorit', 'recommend', 'amaz', 'ever', 'made', 'hungri', 'awesom', 'delici', 'eat', 'outstand', 'perfect', 'franci', 'time', 'burger', 'steak', 'st', 'die', 'spici', 'never', 'pork', 'one']"
yNPh5SO-7wr8HPpVCDPbXQ,The Arrogant Butcher,Phoenix,1,"['amaz', 'love', 'excel', 'favorit', 'great', 'staff', 'dessert', 'highli', 'recommend', 'everi', 'top', 'filet', 'friendli', 'fabul', 'best', 'incred', 'also', 'server', 'phoenix', 'fantast', 'absolut', 'egg', 'wonder', 'wife', 'thank']"
k1QpHAkzKTrFYfk6u--VgQ,The Parlor,Phoenix,1,"['amaz', 'best', 'awesom', 'restaur', 'highli', 'everyth', 'ever', 'never', 'dessert', 'recommend', '__exclamation__', 'perfect', 'place', 'love', 'tri', 'right', 'absolut', 'day', 'everi', 'cocktail', 'made', 'ye', 'fantast', 'front', 'staff']"